               epoch,      train/box_loss,      train/obj_loss,      train/cls_loss,   metrics/precision,      metrics/recall,     metrics/mAP_0.5,metrics/mAP_0.5:0.95,        val/box_loss,        val/obj_loss,        val/cls_loss,               x/lr0,               x/lr1,               x/lr2
                   0,             0.10877,            0.078288,             0.10665,                   0,                   0,                   0,                   0,             0.10419,             0.05684,             0.10325,            0.070476,           0.0032804,           0.0032804
                   1,             0.10736,            0.078868,             0.10634,          0.00085913,           0.0013259,          0.00044002,          0.00012263,             0.10446,            0.056636,             0.10455,            0.040454,           0.0065919,           0.0065919
                   2,             0.10578,            0.080524,             0.10483,          0.00010492,           0.0014056,          5.0452e-05,          1.3791e-05,                 nan,                 nan,              5.0639,            0.010411,           0.0098814,           0.0098814
                   3,             0.10214,            0.083214,             0.10258,          0.00070438,           0.0001516,          0.00036619,          7.3203e-05,                 nan,                 nan,              49.576,            0.009901,            0.009901,            0.009901
                   4,            0.099272,            0.086965,            0.099287,          0.00017991,           0.0026656,          9.4133e-05,          3.6895e-05,                 nan,                 nan,             0.92624,            0.009901,            0.009901,            0.009901
                   5,            0.097791,            0.090472,             0.09419,          8.0299e-05,           0.0039185,           4.831e-05,          1.1475e-05,            0.098486,            0.061706,            0.091972,            0.009868,            0.009868,            0.009868
                   6,            0.097429,            0.087947,            0.088693,          2.9892e-05,           0.0041605,          3.3989e-05,           8.199e-06,              0.0985,            0.073795,             0.08485,            0.009835,            0.009835,            0.009835
                   7,            0.095811,            0.087002,            0.084011,              0.1128,           0.0048669,          6.2944e-05,          1.4289e-05,            0.095327,            0.068518,            0.083846,            0.009802,            0.009802,            0.009802
                   8,            0.093519,            0.086698,            0.082749,          2.8052e-05,           0.0039041,          2.7588e-05,          6.7958e-06,             0.09507,            0.083395,            0.082594,            0.009769,            0.009769,            0.009769
                   9,            0.091868,            0.087793,            0.081016,             0.50023,           0.0025425,          0.00092209,          0.00029037,            0.091353,            0.065695,             0.08082,            0.009736,            0.009736,            0.009736
                  10,            0.089535,            0.087138,            0.082266,          0.00012658,           0.0074475,          0.00018397,          6.2369e-05,            0.094631,            0.063437,            0.080679,            0.009703,            0.009703,            0.009703
                  11,             0.08807,            0.089008,            0.080447,           0.0033917,            0.015007,           0.0020879,          0.00086009,            0.087788,            0.069022,            0.079399,             0.00967,             0.00967,             0.00967
                  12,             0.08575,            0.089954,            0.079212,            0.002755,            0.034727,           0.0023915,          0.00087205,            0.085283,            0.064441,            0.078642,            0.009637,            0.009637,            0.009637
                  13,            0.083912,            0.090198,            0.078922,           0.0025481,            0.034819,           0.0019631,          0.00071314,            0.090582,            0.061668,            0.079838,            0.009604,            0.009604,            0.009604
                  14,            0.082878,            0.088612,            0.077811,           0.0032876,            0.059166,           0.0036947,           0.0013451,            0.082045,            0.064623,            0.077852,            0.009571,            0.009571,            0.009571
                  15,            0.081721,            0.089737,            0.077526,           0.0032979,            0.056584,           0.0028528,          0.00091944,            0.084795,            0.064015,            0.077603,            0.009538,            0.009538,            0.009538
                  16,            0.080564,            0.089125,            0.076342,           0.0039204,             0.07072,            0.004637,           0.0016238,             0.08025,            0.064821,            0.076631,            0.009505,            0.009505,            0.009505
                  17,            0.079295,            0.090159,            0.076601,           0.0034346,            0.091603,           0.0039302,            0.001503,            0.081867,            0.066216,            0.077554,            0.009472,            0.009472,            0.009472
                  18,            0.079164,            0.091399,            0.076023,           0.0042752,             0.10269,           0.0051908,           0.0017588,            0.081462,            0.063943,              0.0762,            0.009439,            0.009439,            0.009439
                  19,            0.077437,            0.087704,            0.074362,           0.0044711,             0.10149,           0.0066846,           0.0024737,             0.07853,            0.065476,            0.075282,            0.009406,            0.009406,            0.009406
                  20,            0.076882,            0.088464,            0.074831,           0.0041511,             0.13052,            0.006975,            0.002525,            0.077812,             0.06495,            0.075705,            0.009373,            0.009373,            0.009373
                  21,            0.075865,            0.089968,            0.074416,           0.0049005,             0.12207,           0.0080504,           0.0030142,            0.076992,            0.065016,            0.073792,             0.00934,             0.00934,             0.00934
                  22,            0.075544,            0.086017,            0.073969,             0.26498,            0.073955,           0.0085098,           0.0031093,            0.076907,             0.06593,            0.073256,            0.009307,            0.009307,            0.009307
                  23,            0.075059,            0.088538,            0.073228,             0.07022,            0.098849,           0.0081587,           0.0029875,            0.078449,             0.06416,            0.072861,            0.009274,            0.009274,            0.009274
                  24,            0.075275,            0.085793,            0.072524,             0.33774,            0.058373,            0.010304,           0.0039067,            0.075418,             0.06534,            0.072373,            0.009241,            0.009241,            0.009241
                  25,            0.073617,            0.089072,            0.071167,             0.51745,            0.031934,            0.011031,           0.0040672,            0.078021,            0.063504,            0.072052,            0.009208,            0.009208,            0.009208
                  26,            0.073586,            0.086543,            0.071123,             0.64398,            0.018885,            0.012963,           0.0050235,            0.074837,            0.063995,            0.070983,            0.009175,            0.009175,            0.009175
                  27,            0.073501,            0.086593,            0.070106,             0.62629,            0.024651,            0.012724,           0.0049055,            0.076839,            0.064661,            0.072369,            0.009142,            0.009142,            0.009142
                  28,            0.072799,            0.089298,            0.069941,           0.0074177,             0.14426,            0.013826,           0.0051964,             0.07505,            0.066641,            0.070773,            0.009109,            0.009109,            0.009109
                  29,            0.072758,            0.085554,            0.069715,             0.59442,            0.021426,            0.015049,            0.005718,            0.074559,            0.063972,            0.070207,            0.009076,            0.009076,            0.009076
                  30,            0.071875,            0.088169,            0.068382,              0.6094,            0.031484,            0.018133,            0.007244,            0.073701,            0.064791,            0.069301,            0.009043,            0.009043,            0.009043
                  31,            0.071868,            0.083161,            0.068312,             0.57248,            0.028435,            0.013919,           0.0050687,            0.074701,            0.065111,            0.070434,             0.00901,             0.00901,             0.00901
                  32,            0.071229,            0.084746,            0.068251,             0.52187,            0.037741,            0.018213,           0.0071139,            0.073326,            0.065554,            0.068925,            0.008977,            0.008977,            0.008977
                  33,            0.070121,            0.085952,            0.067728,             0.56407,            0.036798,            0.020453,           0.0081126,            0.073177,            0.063765,             0.06785,            0.008944,            0.008944,            0.008944
                  34,            0.070311,            0.084903,            0.067616,             0.55241,            0.038029,            0.020562,           0.0078904,            0.073245,            0.064483,            0.068299,            0.008911,            0.008911,            0.008911
                  35,            0.070554,            0.083566,            0.065714,             0.51072,            0.035377,            0.020408,           0.0078136,             0.07363,            0.063514,            0.067815,            0.008878,            0.008878,            0.008878
                  36,             0.06964,            0.082773,            0.065273,             0.49957,            0.040242,            0.021446,           0.0082844,            0.073028,            0.064297,            0.067636,            0.008845,            0.008845,            0.008845
                  37,            0.068981,            0.084305,            0.065245,             0.50517,            0.043703,            0.022224,           0.0085253,            0.073022,            0.063975,            0.067475,            0.008812,            0.008812,            0.008812
                  38,            0.069065,            0.085939,             0.06447,             0.56632,            0.048624,            0.026057,            0.010533,              0.0723,            0.063711,            0.066531,            0.008779,            0.008779,            0.008779
                  39,            0.068441,            0.082362,             0.06341,             0.48838,            0.051041,            0.025259,            0.010051,            0.072537,            0.063836,            0.066068,            0.008746,            0.008746,            0.008746
                  40,            0.069335,            0.084737,            0.062612,             0.45456,            0.051028,            0.026305,            0.010463,            0.072137,            0.063727,            0.065721,            0.008713,            0.008713,            0.008713
                  41,            0.068428,            0.084387,            0.063378,             0.42467,            0.055163,            0.025056,           0.0097965,            0.071935,            0.068778,            0.065356,             0.00868,             0.00868,             0.00868
                  42,            0.067713,            0.083831,            0.061531,             0.42795,            0.050882,            0.026639,            0.010358,            0.071278,            0.064476,            0.065029,            0.008647,            0.008647,            0.008647
                  43,            0.068099,            0.081957,            0.062671,             0.42294,            0.053327,            0.029751,            0.011795,             0.07208,            0.063171,            0.065032,            0.008614,            0.008614,            0.008614
                  44,            0.067241,            0.082236,            0.061066,             0.45046,            0.059274,            0.030386,            0.011889,            0.071589,            0.064826,            0.064996,            0.008581,            0.008581,            0.008581
                  45,            0.067284,            0.082736,            0.060544,             0.44934,             0.05712,            0.030531,            0.012044,             0.07248,            0.063699,            0.065133,            0.008548,            0.008548,            0.008548
                  46,            0.067109,            0.081871,            0.061722,             0.39233,            0.061008,            0.031602,            0.012427,            0.071124,            0.064057,            0.064502,            0.008515,            0.008515,            0.008515
                  47,            0.066623,            0.084021,            0.059838,             0.36004,            0.062174,             0.03156,            0.012648,            0.071349,            0.063944,              0.0644,            0.008482,            0.008482,            0.008482
                  48,            0.066055,            0.081843,            0.059165,             0.39266,            0.059421,            0.033423,            0.013923,            0.071115,            0.064009,            0.064194,            0.008449,            0.008449,            0.008449
                  49,            0.065945,            0.083008,            0.058855,             0.37113,            0.065901,            0.033817,            0.013848,            0.070605,            0.065052,            0.063119,            0.008416,            0.008416,            0.008416
                  50,            0.065851,            0.082077,            0.059109,              0.3741,            0.072428,            0.035721,            0.014303,            0.070839,            0.064502,            0.063126,            0.008383,            0.008383,            0.008383
                  51,            0.064893,            0.079628,            0.057331,             0.36965,            0.067039,            0.033809,            0.013429,            0.071237,            0.064046,            0.062776,             0.00835,             0.00835,             0.00835
                  52,            0.064967,            0.080944,            0.057737,             0.37092,            0.068298,            0.035112,            0.014368,            0.070402,              0.0662,            0.062499,            0.008317,            0.008317,            0.008317
                  53,            0.064209,            0.081601,            0.057292,             0.39458,            0.070971,            0.040011,            0.016078,            0.070273,             0.06529,            0.062412,            0.008284,            0.008284,            0.008284
                  54,            0.064402,            0.080958,            0.056504,             0.36223,            0.075331,            0.039447,            0.016297,            0.070153,            0.064876,             0.06232,            0.008251,            0.008251,            0.008251
                  55,            0.063822,            0.079116,            0.056582,             0.36184,            0.074736,            0.039308,            0.015847,            0.071287,            0.064384,            0.062059,            0.008218,            0.008218,            0.008218
                  56,            0.064598,            0.081559,            0.056028,             0.37009,             0.07926,            0.043139,            0.017922,            0.070482,            0.064083,            0.061576,            0.008185,            0.008185,            0.008185
                  57,            0.063095,            0.077744,            0.055125,             0.37024,            0.079586,            0.044352,            0.018468,            0.069826,            0.064849,            0.061383,            0.008152,            0.008152,            0.008152
                  58,            0.063709,            0.079873,            0.055211,             0.35705,            0.076012,            0.041033,            0.017265,            0.070819,            0.066168,            0.061474,            0.008119,            0.008119,            0.008119
                  59,               0.063,            0.078732,            0.053974,             0.36012,            0.080451,             0.04491,            0.018536,            0.070976,             0.06426,            0.061566,            0.008086,            0.008086,            0.008086
                  60,            0.063048,            0.076838,            0.054725,             0.33277,            0.081905,            0.045307,            0.018568,            0.070178,             0.06501,            0.061078,            0.008053,            0.008053,            0.008053
                  61,             0.06301,            0.079201,            0.053483,             0.33776,            0.075943,            0.042302,            0.017402,            0.070481,            0.064362,            0.061299,             0.00802,             0.00802,             0.00802
                  62,            0.062494,            0.077322,            0.053188,             0.32011,              0.0845,            0.047413,            0.019239,            0.070118,            0.064375,            0.060548,            0.007987,            0.007987,            0.007987
                  63,             0.06296,            0.077416,             0.05219,             0.28976,            0.084632,            0.047139,            0.019478,            0.069862,            0.064967,            0.061138,            0.007954,            0.007954,            0.007954
                  64,            0.062231,            0.077148,             0.05337,             0.27909,            0.086867,            0.043714,            0.017655,            0.070751,            0.064777,            0.062017,            0.007921,            0.007921,            0.007921
                  65,            0.062223,            0.075816,             0.05129,             0.26099,            0.088483,            0.047224,            0.019704,            0.069998,            0.065206,            0.060458,            0.007888,            0.007888,            0.007888
                  66,             0.06183,             0.07516,            0.052509,             0.28442,            0.084674,            0.046172,            0.019347,            0.070057,            0.065365,            0.060499,            0.007855,            0.007855,            0.007855
                  67,            0.061056,            0.075442,            0.050681,              0.2584,            0.090325,             0.05148,            0.021508,            0.070146,            0.064685,            0.060024,            0.007822,            0.007822,            0.007822
                  68,            0.061349,            0.074945,            0.051323,             0.27058,            0.083571,            0.050577,            0.021732,            0.070538,             0.06501,            0.060765,            0.007789,            0.007789,            0.007789
                  69,            0.061189,            0.074995,            0.049634,             0.30317,             0.08418,            0.048963,              0.0211,            0.070008,            0.064747,            0.059999,            0.007756,            0.007756,            0.007756
                  70,            0.060501,            0.074809,            0.049707,             0.26615,            0.085253,            0.049184,            0.021059,            0.070633,            0.065067,            0.060862,            0.007723,            0.007723,            0.007723
                  71,            0.060175,             0.07579,            0.049535,             0.27412,            0.090908,            0.052613,            0.022194,            0.070169,            0.064702,            0.059458,             0.00769,             0.00769,             0.00769
                  72,            0.059982,            0.073706,            0.048992,             0.24735,            0.084263,            0.052218,            0.022781,            0.070405,            0.065186,            0.059616,            0.007657,            0.007657,            0.007657
                  73,            0.059659,            0.074461,            0.048294,             0.25243,            0.094787,            0.055093,            0.023518,            0.070135,            0.064973,             0.05892,            0.007624,            0.007624,            0.007624
                  74,            0.060474,            0.074141,            0.049022,             0.21744,            0.090378,            0.051926,            0.022202,            0.070356,            0.065403,            0.059211,            0.007591,            0.007591,            0.007591
                  75,            0.059945,            0.073305,            0.047717,             0.19937,            0.092773,            0.051048,            0.021845,            0.070237,            0.065457,             0.05955,            0.007558,            0.007558,            0.007558
                  76,            0.059223,            0.072874,            0.047431,             0.19364,            0.099677,             0.05584,            0.023883,            0.070095,            0.065785,            0.058719,            0.007525,            0.007525,            0.007525
                  77,            0.058319,            0.071967,            0.046545,             0.22315,            0.097883,            0.053682,            0.023589,            0.070357,            0.065716,            0.058789,            0.007492,            0.007492,            0.007492
                  78,            0.059351,             0.07441,            0.046284,             0.24857,            0.098785,            0.052668,            0.022614,            0.070114,            0.066398,            0.059029,            0.007459,            0.007459,            0.007459
                  79,            0.058265,            0.072145,            0.046043,             0.22195,            0.096026,            0.052581,             0.02209,            0.070061,            0.066073,            0.059009,            0.007426,            0.007426,            0.007426
                  80,            0.058984,            0.071734,            0.046441,             0.20965,            0.094064,            0.056319,            0.024553,            0.070714,            0.065978,            0.059076,            0.007393,            0.007393,            0.007393
                  81,            0.058173,            0.073087,            0.045592,             0.25078,            0.098404,            0.058048,            0.024989,            0.070682,            0.065874,            0.058703,             0.00736,             0.00736,             0.00736
                  82,            0.058464,            0.072744,            0.045149,             0.18738,            0.096175,            0.056307,            0.024693,            0.070394,            0.065858,            0.058736,            0.007327,            0.007327,            0.007327
                  83,            0.058195,            0.070465,            0.045447,             0.19929,             0.10457,            0.058479,            0.025382,            0.069897,            0.065706,            0.058733,            0.007294,            0.007294,            0.007294
                  84,            0.057358,            0.071859,            0.044943,             0.19802,              0.1035,            0.062239,            0.026696,            0.069702,            0.065756,            0.058228,            0.007261,            0.007261,            0.007261
                  85,            0.057149,            0.071571,            0.043918,             0.20318,            0.095938,            0.057929,             0.02548,            0.070182,            0.066441,            0.058388,            0.007228,            0.007228,            0.007228
                  86,            0.057705,            0.070901,            0.043595,             0.19077,             0.10199,            0.057924,            0.024877,            0.070772,            0.065727,            0.058993,            0.007195,            0.007195,            0.007195
                  87,            0.057163,              0.0689,            0.044065,             0.18745,             0.10304,            0.057097,            0.023576,             0.07001,            0.066286,            0.058353,            0.007162,            0.007162,            0.007162
                  88,            0.056954,            0.067842,            0.044075,             0.18746,            0.096894,            0.057868,            0.025436,            0.071061,            0.067848,            0.058741,            0.007129,            0.007129,            0.007129
                  89,            0.056091,             0.07044,            0.043128,             0.20334,             0.10607,            0.061119,            0.026427,            0.070185,             0.06643,            0.058054,            0.007096,            0.007096,            0.007096
                  90,            0.056694,            0.070415,            0.042287,             0.19403,             0.09976,            0.060012,            0.025971,            0.071168,            0.067506,            0.058485,            0.007063,            0.007063,            0.007063
                  91,            0.056507,            0.068584,            0.043077,             0.18448,             0.10651,            0.059569,            0.025597,            0.069706,            0.067031,            0.057617,             0.00703,             0.00703,             0.00703
                  92,            0.056189,             0.07031,            0.041775,             0.19087,             0.10969,            0.060874,             0.02658,            0.070614,             0.06653,            0.057998,            0.006997,            0.006997,            0.006997
                  93,            0.056174,            0.069512,            0.041526,             0.19322,              0.1028,            0.060772,            0.026959,            0.070784,            0.067168,            0.058244,            0.006964,            0.006964,            0.006964
                  94,            0.055764,            0.068496,            0.041632,              0.1997,             0.10491,            0.062847,            0.027488,            0.070702,             0.06687,            0.058362,            0.006931,            0.006931,            0.006931
                  95,            0.055816,            0.065467,            0.041261,             0.19171,             0.10693,            0.061329,            0.026944,            0.069742,            0.067851,             0.05782,            0.006898,            0.006898,            0.006898
                  96,            0.055575,            0.067114,            0.040912,             0.18793,             0.10494,            0.057299,            0.024733,            0.069862,            0.067727,            0.058207,            0.006865,            0.006865,            0.006865
                  97,            0.055476,            0.067745,            0.040738,              0.1947,             0.10001,            0.061466,            0.028055,            0.071291,             0.06905,            0.059381,            0.006832,            0.006832,            0.006832
                  98,            0.054564,            0.067291,            0.040852,             0.19607,             0.10654,            0.061818,            0.027382,            0.070528,            0.068028,            0.057917,            0.006799,            0.006799,            0.006799
                  99,            0.055343,            0.066573,            0.040234,             0.20886,             0.10508,             0.06678,             0.02896,            0.070675,            0.067066,            0.057283,            0.006766,            0.006766,            0.006766
                 100,            0.055171,            0.067613,            0.038863,             0.21671,             0.11539,            0.066211,            0.028963,             0.06999,            0.066832,            0.057587,            0.006733,            0.006733,            0.006733
                 101,            0.054222,            0.067754,            0.039877,             0.20507,              0.1096,            0.062644,            0.027399,            0.069393,            0.067924,            0.057782,              0.0067,              0.0067,              0.0067
                 102,            0.054728,            0.068063,            0.039343,             0.19464,             0.10982,            0.062461,            0.027484,             0.07092,             0.06734,            0.057517,            0.006667,            0.006667,            0.006667
                 103,             0.05484,            0.066631,            0.038344,             0.21786,             0.10756,            0.066763,            0.030355,             0.07066,              0.0678,            0.058403,            0.006634,            0.006634,            0.006634
                 104,            0.053872,            0.066194,            0.038572,             0.20074,             0.10994,            0.066503,            0.029881,            0.070115,            0.067065,            0.057266,            0.006601,            0.006601,            0.006601
                 105,             0.05372,            0.068136,            0.038285,             0.19568,             0.10609,            0.062297,            0.027786,            0.070484,            0.067686,            0.058192,            0.006568,            0.006568,            0.006568
                 106,            0.053461,            0.066126,            0.038423,             0.18725,             0.11449,            0.063771,            0.027776,            0.070088,             0.06809,             0.05846,            0.006535,            0.006535,            0.006535
                 107,            0.053217,             0.06411,            0.037722,             0.19773,             0.10434,            0.067188,            0.031086,            0.071313,            0.070189,            0.059478,            0.006502,            0.006502,            0.006502
                 108,            0.053459,            0.065405,            0.037661,             0.22173,             0.11102,             0.06922,            0.031242,            0.070416,            0.067788,            0.057544,            0.006469,            0.006469,            0.006469
                 109,            0.053596,            0.064263,            0.036764,             0.19724,             0.10677,            0.065895,             0.02952,            0.071488,            0.067499,            0.057974,            0.006436,            0.006436,            0.006436
                 110,            0.052925,             0.06407,            0.037795,             0.20549,             0.10977,            0.066237,             0.02939,            0.070765,            0.067687,            0.057527,            0.006403,            0.006403,            0.006403
                 111,            0.053036,            0.063627,            0.037805,             0.22745,             0.11549,            0.070543,            0.031207,            0.071903,             0.06721,            0.057217,             0.00637,             0.00637,             0.00637
                 112,             0.05288,             0.06413,            0.036755,             0.19533,             0.11236,            0.066327,             0.02926,            0.070319,             0.06784,            0.058409,            0.006337,            0.006337,            0.006337
                 113,            0.052712,            0.066315,            0.036419,             0.19963,             0.10977,            0.067186,             0.03082,            0.070636,            0.069374,            0.057625,            0.006304,            0.006304,            0.006304
                 114,            0.052714,            0.062397,            0.036355,             0.20882,             0.11427,            0.071524,            0.031814,            0.070553,            0.068928,            0.056517,            0.006271,            0.006271,            0.006271
                 115,            0.052307,            0.061777,            0.035332,             0.19932,             0.10899,            0.065006,            0.029156,            0.070851,             0.06872,            0.058121,            0.006238,            0.006238,            0.006238
                 116,             0.05256,            0.064629,            0.035469,             0.20756,             0.11901,             0.07187,            0.032078,            0.071415,            0.067773,            0.057274,            0.006205,            0.006205,            0.006205
                 117,            0.051514,            0.061408,            0.035975,             0.21884,             0.11046,             0.07117,            0.032509,            0.071285,            0.068802,            0.057442,            0.006172,            0.006172,            0.006172
                 118,            0.052019,            0.060966,            0.035553,             0.20181,             0.11346,            0.068072,            0.029868,            0.069891,            0.068518,            0.057124,            0.006139,            0.006139,            0.006139
                 119,            0.051517,             0.06422,            0.034847,             0.20554,             0.11091,             0.07034,            0.032068,            0.070889,            0.068065,            0.057828,            0.006106,            0.006106,            0.006106
                 120,             0.05129,            0.063267,            0.034467,             0.20748,             0.12035,            0.070866,            0.032018,            0.071624,            0.069055,            0.057821,            0.006073,            0.006073,            0.006073
                 121,             0.05146,            0.065491,            0.034397,             0.20757,             0.11288,            0.070122,            0.032358,            0.070974,            0.070129,            0.057402,             0.00604,             0.00604,             0.00604
                 122,            0.050887,             0.06343,            0.035318,             0.22456,             0.12074,            0.074731,            0.033352,            0.071034,            0.069068,            0.056599,            0.006007,            0.006007,            0.006007
                 123,            0.050951,            0.063187,            0.034132,             0.20169,             0.11426,            0.071307,            0.031973,            0.070121,            0.069566,            0.057132,            0.005974,            0.005974,            0.005974
                 124,            0.051874,            0.061488,            0.032899,             0.21399,             0.11221,            0.072071,            0.032356,            0.071135,            0.069875,            0.057949,            0.005941,            0.005941,            0.005941
                 125,            0.051212,            0.063374,            0.033513,             0.21639,             0.11358,            0.073269,            0.032887,            0.072087,             0.06935,            0.056684,            0.005908,            0.005908,            0.005908
                 126,             0.05088,            0.062889,             0.03325,              0.2163,              0.1094,            0.072412,             0.03211,             0.07167,            0.069376,            0.057672,            0.005875,            0.005875,            0.005875
                 127,            0.050663,            0.061519,            0.033468,             0.21506,             0.11596,            0.072175,            0.032836,            0.071468,            0.069882,            0.057093,            0.005842,            0.005842,            0.005842
                 128,            0.050554,            0.060133,            0.033272,             0.21896,             0.11107,            0.071942,            0.032139,            0.072249,            0.071516,            0.057505,            0.005809,            0.005809,            0.005809
                 129,            0.050052,            0.062124,            0.032622,             0.20593,             0.11577,            0.071357,             0.03224,            0.071336,            0.070645,            0.057711,            0.005776,            0.005776,            0.005776
                 130,            0.050222,            0.059567,            0.032737,             0.19733,             0.12114,            0.073863,            0.033792,            0.070739,            0.068535,            0.057021,            0.005743,            0.005743,            0.005743
                 131,            0.049949,            0.059321,            0.032065,             0.20223,             0.11595,            0.067483,            0.030294,            0.071041,            0.069702,            0.057679,             0.00571,             0.00571,             0.00571
                 132,            0.049972,             0.06152,            0.032647,             0.20775,             0.11734,            0.072889,            0.033294,            0.071062,            0.069919,            0.057591,            0.005677,            0.005677,            0.005677
                 133,            0.049559,            0.061452,            0.032261,              0.2042,              0.1174,            0.071173,            0.031915,            0.071276,             0.07006,            0.057851,            0.005644,            0.005644,            0.005644
                 134,            0.049582,            0.058569,            0.032381,             0.22031,             0.12076,            0.075705,             0.03497,            0.070975,            0.069935,            0.057027,            0.005611,            0.005611,            0.005611
                 135,            0.049677,            0.058989,            0.032045,                0.22,             0.11625,            0.076326,            0.034617,            0.072064,            0.069525,            0.056874,            0.005578,            0.005578,            0.005578
                 136,            0.049738,            0.060453,            0.031693,             0.22357,             0.11117,               0.076,            0.035253,            0.071806,            0.070411,            0.057901,            0.005545,            0.005545,            0.005545
                 137,             0.04898,              0.0587,            0.030982,             0.23707,             0.11395,            0.078864,            0.036412,            0.072547,            0.072286,            0.057581,            0.005512,            0.005512,            0.005512
                 138,            0.049544,            0.058967,            0.030351,             0.20845,             0.11805,            0.077142,            0.035837,            0.071519,            0.070265,            0.056346,            0.005479,            0.005479,            0.005479
                 139,            0.048902,            0.058679,            0.030267,             0.22487,             0.11504,            0.076749,            0.035335,            0.071774,            0.070734,            0.056991,            0.005446,            0.005446,            0.005446
                 140,            0.048602,             0.05925,            0.030894,             0.21818,             0.12202,            0.076938,            0.035108,            0.070766,            0.070169,            0.056699,            0.005413,            0.005413,            0.005413
                 141,            0.047564,            0.057552,            0.030413,             0.21732,             0.11928,             0.07372,              0.0334,            0.071256,            0.070114,             0.05693,             0.00538,             0.00538,             0.00538
                 142,            0.048359,            0.057855,            0.030016,             0.20753,             0.11623,            0.074795,            0.034402,            0.070957,            0.071922,            0.056841,            0.005347,            0.005347,            0.005347
                 143,            0.048634,             0.05681,            0.029195,             0.22126,             0.11653,            0.076635,            0.035071,            0.071314,            0.070446,             0.05687,            0.005314,            0.005314,            0.005314
                 144,            0.048303,            0.059274,            0.029637,             0.21163,             0.11987,            0.079974,            0.036798,            0.072035,            0.070402,            0.056599,            0.005281,            0.005281,            0.005281
                 145,            0.047886,            0.059167,             0.02961,             0.21954,             0.11976,            0.077443,            0.035489,            0.071568,            0.070906,            0.056832,            0.005248,            0.005248,            0.005248
                 146,             0.04761,            0.056901,            0.029588,             0.21629,              0.1192,            0.075057,            0.034311,            0.071844,            0.070803,            0.057467,            0.005215,            0.005215,            0.005215
                 147,            0.047988,            0.058521,            0.029097,             0.22153,             0.11566,            0.077429,            0.036711,             0.07224,            0.071264,            0.058182,            0.005182,            0.005182,            0.005182
                 148,            0.047719,            0.057272,            0.028776,              0.2247,             0.11763,            0.078968,            0.036641,            0.071102,             0.07072,            0.056583,            0.005149,            0.005149,            0.005149
                 149,             0.04728,             0.05651,            0.028671,             0.22666,             0.11876,            0.079813,             0.03703,            0.071417,            0.070996,            0.056823,            0.005116,            0.005116,            0.005116
                 150,            0.047593,            0.056259,            0.028961,             0.22223,             0.11695,            0.077172,            0.036204,            0.071347,            0.072513,             0.05689,            0.005083,            0.005083,            0.005083
                 151,             0.04723,             0.05688,            0.028728,             0.20511,             0.11666,            0.074292,            0.034913,            0.071563,            0.071923,            0.057673,             0.00505,             0.00505,             0.00505
                 152,              0.0473,            0.057158,            0.028408,             0.22846,             0.11807,            0.076644,            0.035909,            0.071923,            0.071104,            0.057247,            0.005017,            0.005017,            0.005017
                 153,            0.047269,            0.058799,            0.028797,             0.22568,             0.11828,            0.077439,            0.036946,            0.071799,            0.072596,            0.056853,            0.004984,            0.004984,            0.004984
                 154,            0.047374,            0.055554,            0.028146,             0.22119,             0.12107,            0.077521,            0.036288,            0.071173,            0.071631,            0.057728,            0.004951,            0.004951,            0.004951
                 155,             0.04698,            0.056402,            0.028039,             0.24214,             0.12486,            0.083137,            0.038973,            0.072032,            0.070974,            0.056983,            0.004918,            0.004918,            0.004918
                 156,             0.04714,            0.056816,              0.0278,             0.21868,             0.12045,             0.07886,            0.037433,            0.071932,            0.072715,            0.057363,            0.004885,            0.004885,            0.004885
                 157,              0.0467,            0.057105,            0.027523,             0.22184,             0.11813,            0.079425,            0.037115,            0.071751,            0.073114,            0.056526,            0.004852,            0.004852,            0.004852
                 158,            0.046961,             0.05553,            0.027301,             0.23421,             0.12027,            0.080503,            0.038375,            0.071651,            0.071636,            0.057132,            0.004819,            0.004819,            0.004819
                 159,            0.046221,            0.056379,             0.02677,             0.22859,             0.12165,            0.079567,            0.037567,            0.071068,            0.072666,            0.056848,            0.004786,            0.004786,            0.004786
                 160,            0.046613,            0.055023,             0.02702,             0.22944,             0.11429,            0.076583,            0.035843,            0.072436,            0.073396,            0.058613,            0.004753,            0.004753,            0.004753
                 161,            0.045653,            0.057267,            0.027548,              0.2076,             0.12501,            0.080923,            0.037798,            0.071411,            0.071658,            0.056796,             0.00472,             0.00472,             0.00472
                 162,            0.046345,             0.05753,            0.026781,              0.2137,             0.12356,            0.078962,            0.037605,            0.071822,            0.072384,             0.05773,            0.004687,            0.004687,            0.004687
                 163,            0.045321,            0.055317,             0.02702,             0.22063,             0.12567,            0.080061,            0.038172,            0.071598,            0.072376,             0.05703,            0.004654,            0.004654,            0.004654
                 164,            0.045808,            0.055866,            0.026615,             0.23525,             0.11875,            0.077771,            0.036904,            0.072169,            0.073697,            0.057307,            0.004621,            0.004621,            0.004621
                 165,            0.045988,            0.054795,            0.026906,             0.22443,             0.11734,            0.077009,            0.036061,            0.072692,            0.073561,            0.057709,            0.004588,            0.004588,            0.004588
                 166,            0.046181,            0.056003,            0.026617,             0.23353,             0.11656,            0.080845,            0.039294,            0.072909,            0.072594,            0.056945,            0.004555,            0.004555,            0.004555
                 167,            0.045678,            0.054347,            0.025984,             0.23345,             0.12188,            0.081182,            0.038409,            0.071715,            0.072477,            0.056979,            0.004522,            0.004522,            0.004522
                 168,            0.045853,            0.054408,            0.025704,             0.23247,             0.11865,            0.080749,            0.038966,            0.072459,            0.074044,             0.05728,            0.004489,            0.004489,            0.004489
                 169,             0.04527,            0.054471,            0.025491,             0.21384,             0.12138,            0.079737,            0.038048,            0.071866,            0.073119,            0.057608,            0.004456,            0.004456,            0.004456
                 170,            0.045527,            0.055683,            0.025151,             0.22223,              0.1178,            0.080509,            0.038021,            0.071607,             0.07259,            0.057735,            0.004423,            0.004423,            0.004423
                 171,            0.044931,            0.054907,            0.025739,             0.23249,             0.12187,            0.082221,            0.039435,            0.072965,             0.07445,            0.056861,             0.00439,             0.00439,             0.00439
                 172,            0.045443,            0.055627,            0.024444,             0.23405,              0.1172,            0.080392,            0.038191,            0.072877,            0.074019,            0.057037,            0.004357,            0.004357,            0.004357
                 173,            0.044748,             0.05405,            0.025829,             0.21897,             0.12132,            0.083173,            0.039073,            0.072598,            0.073613,            0.057588,            0.004324,            0.004324,            0.004324
                 174,            0.044482,            0.054233,            0.025689,             0.22066,             0.12204,            0.079765,            0.038153,            0.071881,            0.073263,            0.057487,            0.004291,            0.004291,            0.004291
                 175,            0.045149,            0.054673,            0.024868,             0.23361,             0.12429,            0.081404,            0.038722,            0.071447,            0.071844,            0.056924,            0.004258,            0.004258,            0.004258
                 176,            0.044726,            0.054883,            0.024922,              0.2105,             0.12274,            0.082042,            0.039192,            0.071968,            0.073789,            0.056997,            0.004225,            0.004225,            0.004225
                 177,            0.043918,            0.053375,            0.024222,             0.21495,             0.12298,            0.083953,            0.040889,            0.073048,            0.075013,            0.057371,            0.004192,            0.004192,            0.004192
                 178,            0.044486,            0.054873,             0.02413,             0.23701,             0.12111,            0.083877,            0.040437,            0.073054,            0.073687,            0.057173,            0.004159,            0.004159,            0.004159
                 179,            0.044346,            0.052787,            0.024607,             0.22032,              0.1243,            0.082318,            0.039662,            0.071939,            0.072809,            0.057077,            0.004126,            0.004126,            0.004126
                 180,            0.044521,             0.05204,            0.024211,             0.22553,             0.12173,            0.082251,            0.039615,            0.072912,            0.073624,            0.057221,            0.004093,            0.004093,            0.004093
                 181,            0.043903,            0.054135,            0.023751,             0.22952,             0.12352,            0.082813,            0.039057,            0.071805,            0.073966,            0.057777,             0.00406,             0.00406,             0.00406
                 182,            0.044025,            0.053458,             0.02448,              0.2426,             0.11982,            0.083261,            0.039581,            0.072478,            0.073578,            0.056948,            0.004027,            0.004027,            0.004027
                 183,            0.043489,            0.051704,            0.023651,             0.21077,             0.12003,            0.082439,            0.039337,            0.072705,            0.075239,            0.057204,            0.003994,            0.003994,            0.003994
                 184,            0.044364,            0.055576,            0.023201,             0.23129,             0.12186,            0.081254,            0.038982,            0.071869,            0.073321,            0.057317,            0.003961,            0.003961,            0.003961
                 185,            0.043847,            0.051728,            0.023176,             0.22334,             0.12326,             0.08269,            0.039513,            0.072109,            0.073682,            0.056852,            0.003928,            0.003928,            0.003928
                 186,            0.043507,            0.052222,            0.023029,             0.22017,             0.12376,            0.081995,            0.038835,            0.072043,            0.074859,            0.056726,            0.003895,            0.003895,            0.003895
                 187,            0.043116,            0.052773,            0.023457,             0.24199,             0.11885,            0.083078,            0.040362,            0.072549,            0.076531,            0.057789,            0.003862,            0.003862,            0.003862
                 188,             0.04346,            0.053993,            0.023412,             0.22176,             0.12573,            0.086107,            0.041158,             0.07245,            0.073487,            0.056944,            0.003829,            0.003829,            0.003829
                 189,            0.043321,            0.053165,            0.022638,             0.22908,             0.12155,            0.083641,            0.040085,            0.072417,            0.074921,            0.056711,            0.003796,            0.003796,            0.003796
                 190,            0.042995,            0.051282,            0.023359,             0.22445,             0.11913,            0.083794,            0.040141,            0.072356,            0.074224,            0.057348,            0.003763,            0.003763,            0.003763
                 191,             0.04295,            0.053555,             0.02285,             0.23343,             0.12294,            0.082832,            0.039938,            0.072072,            0.074513,            0.057413,             0.00373,             0.00373,             0.00373
                 192,            0.043066,             0.05321,            0.022677,             0.22545,             0.11683,            0.083297,            0.040378,            0.073024,            0.076018,            0.057122,            0.003697,            0.003697,            0.003697
                 193,            0.042857,            0.054033,            0.021766,             0.21872,              0.1195,            0.081796,            0.039564,            0.072725,            0.074507,            0.057456,            0.003664,            0.003664,            0.003664
                 194,            0.042771,            0.053762,            0.022446,             0.24181,             0.12235,            0.084242,            0.040404,            0.072335,            0.074455,              0.0566,            0.003631,            0.003631,            0.003631
                 195,             0.04356,            0.053866,            0.022117,             0.23729,             0.11871,            0.081737,            0.039394,            0.072014,            0.073855,            0.057574,            0.003598,            0.003598,            0.003598
                 196,            0.042562,            0.052251,            0.022528,             0.23871,             0.11558,            0.082986,            0.040462,            0.072565,            0.075565,            0.057113,            0.003565,            0.003565,            0.003565
                 197,            0.042295,            0.052222,            0.021557,             0.21102,             0.12409,             0.08393,            0.041061,            0.072531,            0.075608,            0.057522,            0.003532,            0.003532,            0.003532
                 198,            0.042963,            0.052452,            0.022174,             0.21219,             0.11783,            0.082062,            0.039826,             0.07299,            0.075758,            0.057522,            0.003499,            0.003499,            0.003499
                 199,            0.042599,            0.052692,            0.021607,             0.24983,             0.11677,            0.084182,            0.040023,            0.072449,             0.07521,            0.057237,            0.003466,            0.003466,            0.003466
                 200,            0.041585,            0.051259,            0.022022,             0.21338,             0.12661,            0.084785,            0.040968,            0.072381,            0.075835,            0.056849,            0.003433,            0.003433,            0.003433
                 201,            0.042453,            0.051253,            0.022008,             0.21338,             0.12664,             0.08428,            0.040871,            0.072547,            0.074518,            0.057834,              0.0034,              0.0034,              0.0034
                 202,            0.041615,            0.051702,            0.021322,             0.21784,             0.12473,            0.085952,            0.041352,            0.072881,            0.075429,            0.057196,            0.003367,            0.003367,            0.003367
                 203,            0.041789,            0.050946,             0.02135,             0.21926,             0.12802,            0.087155,            0.041738,            0.071896,            0.074685,            0.057015,            0.003334,            0.003334,            0.003334
                 204,            0.042278,            0.051398,            0.021487,              0.2124,             0.12394,            0.085406,            0.041121,            0.072594,            0.074792,            0.057367,            0.003301,            0.003301,            0.003301
                 205,            0.041455,            0.050626,            0.021156,             0.21944,             0.12463,             0.08464,            0.040637,            0.072905,            0.076522,            0.057491,            0.003268,            0.003268,            0.003268
                 206,            0.040943,            0.050724,            0.020547,             0.22745,             0.12547,            0.087514,            0.042525,            0.072691,            0.074839,            0.057351,            0.003235,            0.003235,            0.003235
                 207,            0.041369,             0.04983,            0.021427,               0.221,             0.12633,            0.087859,            0.043035,            0.072866,            0.075899,            0.057228,            0.003202,            0.003202,            0.003202
                 208,            0.041318,            0.050781,            0.020768,             0.21436,             0.11766,            0.082637,            0.039778,            0.072681,            0.076421,            0.057704,            0.003169,            0.003169,            0.003169
                 209,            0.041605,            0.051578,            0.021027,             0.21978,             0.12353,            0.084329,            0.040784,            0.073622,              0.0761,            0.057202,            0.003136,            0.003136,            0.003136
                 210,            0.040722,             0.05136,            0.020825,             0.22422,             0.11979,            0.085063,            0.041462,            0.072812,            0.076323,            0.058233,            0.003103,            0.003103,            0.003103
                 211,            0.041038,            0.050203,            0.020705,             0.21847,             0.12589,            0.085818,            0.041462,            0.073128,            0.075233,            0.058121,             0.00307,             0.00307,             0.00307
                 212,            0.041267,            0.050391,            0.019922,             0.23802,             0.11397,            0.083976,            0.041049,            0.072896,             0.07747,            0.057491,            0.003037,            0.003037,            0.003037
                 213,            0.040935,             0.05077,            0.020425,             0.22228,             0.12455,            0.086346,            0.041729,            0.072781,            0.076439,            0.057043,            0.003004,            0.003004,            0.003004
                 214,             0.04101,            0.050696,            0.020545,             0.22402,             0.12492,            0.088378,            0.043284,            0.073167,            0.077051,            0.057409,            0.002971,            0.002971,            0.002971
                 215,            0.041181,            0.051612,            0.020063,             0.21985,             0.12484,            0.086506,            0.042327,            0.072626,            0.075999,            0.057556,            0.002938,            0.002938,            0.002938
                 216,            0.040897,            0.049818,            0.020199,             0.21731,             0.12446,            0.086938,            0.042387,            0.072512,            0.076728,             0.05728,            0.002905,            0.002905,            0.002905
                 217,            0.040608,            0.050793,            0.020184,             0.22657,             0.12175,            0.084765,            0.041416,            0.072415,            0.077356,            0.057249,            0.002872,            0.002872,            0.002872
                 218,            0.040072,            0.050571,            0.019857,              0.2213,             0.11921,            0.085625,             0.04211,            0.073463,            0.077369,            0.057897,            0.002839,            0.002839,            0.002839
                 219,            0.040356,            0.048592,            0.020216,               0.218,             0.12617,            0.087567,             0.04294,            0.073101,            0.075618,            0.058063,            0.002806,            0.002806,            0.002806
                 220,            0.040468,            0.050015,            0.019451,             0.21768,             0.12712,            0.086547,            0.041954,             0.07323,            0.076586,            0.057566,            0.002773,            0.002773,            0.002773
                 221,            0.040152,            0.048864,            0.019726,             0.22252,             0.12357,            0.086317,            0.042484,            0.072967,            0.076587,            0.057333,             0.00274,             0.00274,             0.00274
                 222,            0.040046,             0.05034,            0.019357,             0.22206,             0.12408,            0.085179,            0.041497,            0.072768,            0.076888,            0.057932,            0.002707,            0.002707,            0.002707
                 223,            0.039688,            0.048841,            0.019636,              0.2157,             0.12588,            0.086103,            0.042331,            0.073069,            0.076607,            0.057745,            0.002674,            0.002674,            0.002674
                 224,            0.040067,            0.048867,            0.018986,             0.22289,             0.12078,             0.08427,            0.041444,             0.07365,            0.077026,            0.058142,            0.002641,            0.002641,            0.002641
                 225,             0.03969,            0.050345,             0.01916,             0.21558,              0.1257,            0.086568,            0.042684,            0.072879,            0.076345,            0.057641,            0.002608,            0.002608,            0.002608
                 226,            0.039859,            0.048937,            0.019832,             0.21921,             0.12694,            0.087089,            0.042908,            0.072477,            0.076012,            0.057621,            0.002575,            0.002575,            0.002575
                 227,            0.039586,            0.050324,            0.019117,             0.22192,             0.12709,            0.089682,            0.043987,            0.073138,            0.076252,            0.057387,            0.002542,            0.002542,            0.002542
                 228,            0.039139,            0.047216,            0.019047,             0.22611,             0.12351,            0.087513,            0.042949,            0.072563,            0.075937,            0.057566,            0.002509,            0.002509,            0.002509
                 229,            0.039538,            0.047868,            0.018729,             0.21724,             0.12085,            0.084859,             0.04223,            0.073236,            0.078618,            0.057671,            0.002476,            0.002476,            0.002476
                 230,            0.038581,            0.049154,            0.019044,             0.21462,             0.12836,            0.085866,            0.042287,            0.072908,            0.077064,            0.057753,            0.002443,            0.002443,            0.002443
                 231,            0.039193,            0.047876,            0.019083,             0.22221,             0.12369,            0.086679,            0.043087,            0.073196,            0.076474,            0.057654,             0.00241,             0.00241,             0.00241
                 232,            0.039164,            0.047864,            0.018576,             0.21741,             0.12488,            0.088093,            0.043507,            0.072864,            0.076754,            0.057812,            0.002377,            0.002377,            0.002377
                 233,            0.039162,            0.047537,            0.019233,             0.21072,             0.12429,            0.086371,             0.04266,            0.073215,            0.077051,            0.057688,            0.002344,            0.002344,            0.002344
                 234,            0.038672,            0.048012,             0.01844,             0.21953,             0.12256,            0.086784,            0.042923,            0.072823,             0.07679,            0.057839,            0.002311,            0.002311,            0.002311
                 235,            0.039195,            0.049124,            0.018659,             0.21982,             0.12213,            0.085667,            0.042294,            0.073132,             0.07832,            0.057968,            0.002278,            0.002278,            0.002278
                 236,            0.038509,            0.047172,            0.018502,             0.20965,             0.12808,            0.085454,            0.042019,            0.072749,            0.077547,            0.057559,            0.002245,            0.002245,            0.002245
                 237,            0.039089,            0.048251,            0.017973,             0.21904,              0.1248,            0.086542,            0.042887,            0.072997,            0.077101,            0.057656,            0.002212,            0.002212,            0.002212
                 238,             0.03891,             0.04821,            0.017641,             0.22594,             0.12427,            0.087298,            0.043054,             0.07278,            0.077036,            0.057612,            0.002179,            0.002179,            0.002179
                 239,            0.038722,            0.047683,            0.017903,             0.21731,             0.12212,            0.085974,            0.042837,            0.073245,            0.079109,            0.057935,            0.002146,            0.002146,            0.002146
                 240,            0.038629,            0.046957,             0.01854,             0.23182,             0.12165,            0.089874,            0.044647,            0.073021,            0.077068,             0.05743,            0.002113,            0.002113,            0.002113
                 241,            0.038191,            0.046826,            0.017601,             0.22421,             0.12123,            0.087611,            0.043573,            0.073393,            0.078194,            0.057838,             0.00208,             0.00208,             0.00208
                 242,            0.038601,            0.047703,             0.01826,             0.22475,             0.11903,            0.085008,            0.042409,            0.073477,            0.078986,            0.058033,            0.002047,            0.002047,            0.002047
                 243,            0.038275,            0.047095,            0.018111,             0.22123,             0.12186,             0.08531,            0.042116,             0.07324,            0.078485,            0.058392,            0.002014,            0.002014,            0.002014
                 244,             0.03822,            0.048137,            0.017658,             0.22684,             0.12804,            0.087721,            0.043725,            0.073109,            0.077559,            0.057701,            0.001981,            0.001981,            0.001981
                 245,            0.037393,            0.046959,            0.016863,             0.22911,             0.12015,            0.087476,            0.043611,             0.07361,            0.079434,            0.057549,            0.001948,            0.001948,            0.001948
                 246,            0.038292,            0.048349,             0.01755,             0.21794,             0.12518,            0.087325,            0.043554,            0.073095,             0.07706,            0.058123,            0.001915,            0.001915,            0.001915
                 247,            0.038438,            0.047891,            0.017877,             0.22351,             0.12224,            0.086265,            0.043078,            0.073879,            0.078242,            0.058302,            0.001882,            0.001882,            0.001882
                 248,            0.037204,             0.04604,            0.017009,             0.21843,             0.12001,             0.08518,            0.042659,            0.073271,            0.078751,            0.058185,            0.001849,            0.001849,            0.001849
                 249,            0.037159,            0.047016,            0.017761,             0.21859,             0.12499,            0.088272,             0.04397,              0.0731,            0.077787,            0.057764,            0.001816,            0.001816,            0.001816
                 250,            0.037296,             0.04711,            0.017404,             0.22007,             0.12465,            0.087491,            0.043314,            0.072984,            0.077773,            0.057656,            0.001783,            0.001783,            0.001783
                 251,            0.037207,            0.047564,            0.017395,             0.22154,             0.12237,            0.086771,            0.043067,             0.07286,            0.078117,            0.057949,             0.00175,             0.00175,             0.00175
                 252,            0.037208,            0.046612,            0.017285,             0.22035,             0.12371,            0.087303,            0.043337,            0.073262,            0.078441,            0.057818,            0.001717,            0.001717,            0.001717
                 253,            0.036904,             0.04745,            0.017091,             0.21685,             0.12407,            0.087924,            0.043804,            0.073063,             0.07925,            0.057638,            0.001684,            0.001684,            0.001684
                 254,            0.036417,            0.045451,            0.016848,             0.22881,              0.1225,            0.089437,            0.044305,            0.072906,            0.078163,            0.057873,            0.001651,            0.001651,            0.001651
                 255,            0.036757,            0.046878,            0.016915,             0.22525,              0.1227,            0.088939,            0.044434,            0.073807,             0.07892,            0.057806,            0.001618,            0.001618,            0.001618
                 256,            0.036371,             0.04591,            0.016808,             0.22279,             0.12445,            0.088881,            0.044112,            0.073531,            0.078916,            0.058116,            0.001585,            0.001585,            0.001585
                 257,            0.036588,            0.045028,            0.017029,             0.22678,             0.11748,            0.087222,            0.044026,            0.073522,            0.080308,            0.058399,            0.001552,            0.001552,            0.001552
                 258,            0.036635,            0.047029,             0.01684,             0.23032,             0.11895,            0.088073,            0.044329,            0.073527,            0.079805,            0.058061,            0.001519,            0.001519,            0.001519
                 259,            0.036277,             0.04591,            0.016738,             0.23323,             0.12473,            0.089973,            0.044919,            0.073364,            0.078097,            0.057611,            0.001486,            0.001486,            0.001486
                 260,            0.036764,            0.045963,             0.01623,             0.21832,             0.12653,            0.088228,            0.043359,            0.073022,            0.078727,            0.057682,            0.001453,            0.001453,            0.001453
                 261,            0.036485,            0.046061,            0.016661,             0.22376,             0.12437,            0.087998,            0.043764,             0.07312,             0.07864,            0.058255,             0.00142,             0.00142,             0.00142
                 262,            0.036593,            0.045367,            0.016144,              0.2144,             0.12694,             0.08994,            0.044744,            0.073504,             0.07852,            0.058156,            0.001387,            0.001387,            0.001387
                 263,            0.036121,            0.044835,            0.016772,              0.2224,              0.1259,            0.089629,            0.044313,             0.07362,            0.078169,            0.058006,            0.001354,            0.001354,            0.001354
                 264,            0.035822,            0.045088,            0.016078,             0.22527,             0.12438,            0.088209,            0.044266,            0.073437,            0.079103,            0.058154,            0.001321,            0.001321,            0.001321
                 265,            0.036171,            0.044939,            0.016732,             0.22783,             0.12383,             0.08857,            0.044228,             0.07352,            0.079737,            0.058535,            0.001288,            0.001288,            0.001288
                 266,            0.035716,            0.045104,            0.015814,             0.22438,             0.12416,            0.089071,            0.045054,            0.073271,            0.078953,            0.058442,            0.001255,            0.001255,            0.001255
                 267,            0.035753,            0.044982,            0.015826,             0.23679,             0.12104,            0.088992,            0.044789,            0.073659,            0.078941,            0.058244,            0.001222,            0.001222,            0.001222
                 268,            0.036075,            0.046086,            0.016393,             0.22668,             0.12226,            0.087849,             0.04446,            0.073562,             0.07937,            0.058462,            0.001189,            0.001189,            0.001189
                 269,            0.035326,            0.044507,            0.015882,             0.22416,             0.12405,            0.088703,            0.044929,            0.074003,            0.079666,            0.058079,            0.001156,            0.001156,            0.001156
                 270,            0.035529,            0.045016,            0.016084,             0.22641,             0.12439,            0.088768,            0.044621,             0.07316,            0.079354,            0.057853,            0.001123,            0.001123,            0.001123
                 271,            0.035602,            0.045078,            0.016171,             0.22741,             0.12506,            0.089477,            0.044964,            0.073603,            0.079491,            0.058104,             0.00109,             0.00109,             0.00109
                 272,            0.035756,            0.044701,            0.015572,             0.22973,             0.12706,            0.088841,            0.044767,            0.073821,            0.079397,            0.058154,            0.001057,            0.001057,            0.001057
                 273,            0.035397,            0.044707,            0.015929,             0.22422,              0.1255,            0.088758,            0.044611,            0.073693,            0.079578,             0.05828,            0.001024,            0.001024,            0.001024
                 274,            0.034822,            0.043512,            0.015549,             0.23393,             0.12213,            0.088738,            0.044748,            0.073574,            0.079567,            0.058543,            0.000991,            0.000991,            0.000991
                 275,            0.035499,            0.045618,            0.015178,             0.23412,             0.12401,            0.088859,            0.044683,            0.073567,            0.079675,            0.058205,            0.000958,            0.000958,            0.000958
                 276,            0.034918,            0.044372,            0.015192,              0.2203,              0.1237,            0.086702,            0.043932,            0.073624,            0.080248,            0.058045,            0.000925,            0.000925,            0.000925
                 277,            0.035143,            0.044171,            0.015628,             0.22617,             0.12345,            0.087104,            0.043784,            0.074142,            0.080507,            0.058523,            0.000892,            0.000892,            0.000892
                 278,            0.035675,            0.045362,             0.01559,             0.23178,             0.12295,            0.088193,            0.044243,            0.073906,            0.080228,            0.058283,            0.000859,            0.000859,            0.000859
                 279,            0.034992,            0.044926,            0.014784,             0.22462,             0.12401,            0.088749,            0.044905,            0.074093,              0.0805,             0.05845,            0.000826,            0.000826,            0.000826
                 280,            0.034964,            0.043622,             0.01551,             0.23252,             0.12197,             0.08921,            0.044865,            0.073663,            0.080311,            0.058362,            0.000793,            0.000793,            0.000793
                 281,            0.034812,            0.044311,            0.015535,             0.23692,             0.12315,            0.089257,            0.044727,            0.073787,            0.080479,            0.058631,             0.00076,             0.00076,             0.00076
                 282,            0.034908,            0.044828,            0.015208,             0.23554,             0.12388,            0.089044,            0.044721,            0.073663,            0.080476,            0.058373,            0.000727,            0.000727,            0.000727
                 283,            0.034736,            0.044347,             0.01522,             0.23035,             0.12466,            0.089703,            0.045094,            0.073711,            0.080278,            0.058591,            0.000694,            0.000694,            0.000694
                 284,              0.0347,            0.042834,            0.015206,              0.2354,             0.12429,            0.090304,            0.045326,             0.07396,            0.080401,            0.058529,            0.000661,            0.000661,            0.000661
                 285,            0.033876,             0.04244,            0.015321,              0.2307,             0.12428,            0.089159,            0.044986,            0.073512,            0.080688,              0.0584,            0.000628,            0.000628,            0.000628
                 286,            0.034575,            0.044189,            0.014961,             0.23319,             0.12389,            0.089595,            0.045125,            0.073405,            0.079933,            0.058369,            0.000595,            0.000595,            0.000595
                 287,             0.03425,            0.044253,            0.014633,             0.22824,             0.12479,            0.090602,             0.04558,            0.074004,            0.080831,            0.058633,            0.000562,            0.000562,            0.000562
                 288,            0.034329,            0.043359,            0.015396,             0.23801,             0.12094,            0.090218,            0.045464,             0.07362,            0.080458,            0.058191,            0.000529,            0.000529,            0.000529
                 289,            0.034132,            0.044363,            0.014354,             0.23069,             0.12363,            0.089897,             0.04526,            0.073457,            0.079894,            0.058406,            0.000496,            0.000496,            0.000496
                 290,            0.034181,            0.044246,            0.014767,             0.21971,             0.12302,            0.089378,            0.044997,            0.073561,             0.08066,            0.058412,            0.000463,            0.000463,            0.000463
                 291,            0.034197,            0.043808,            0.015374,             0.21338,             0.12491,            0.088863,            0.044897,            0.073773,            0.080856,            0.058654,             0.00043,             0.00043,             0.00043
                 292,            0.033937,            0.041697,             0.01477,             0.21936,             0.12292,            0.089978,              0.0453,            0.074242,            0.081404,            0.058582,            0.000397,            0.000397,            0.000397
                 293,            0.033998,               0.043,            0.014807,             0.21944,             0.12502,            0.091124,            0.045783,              0.0736,            0.080654,            0.058401,            0.000364,            0.000364,            0.000364
                 294,            0.034303,            0.043434,            0.014906,             0.22002,             0.12468,            0.091025,            0.045897,            0.074005,            0.080833,            0.058545,            0.000331,            0.000331,            0.000331
                 295,            0.033898,            0.042985,            0.014689,             0.21827,             0.12475,            0.091008,             0.04579,            0.073735,            0.080246,            0.058689,            0.000298,            0.000298,            0.000298
                 296,            0.033611,            0.042804,            0.014598,             0.21736,             0.12593,            0.091012,            0.045833,            0.073809,            0.080142,            0.058547,            0.000265,            0.000265,            0.000265
                 297,            0.033924,            0.043453,            0.014351,             0.21688,             0.12611,            0.090936,            0.045648,            0.073913,            0.080411,            0.058743,            0.000232,            0.000232,            0.000232
                 298,            0.033648,            0.043721,            0.014665,             0.21758,             0.12554,            0.090094,            0.045394,            0.073705,            0.080808,            0.058419,            0.000199,            0.000199,            0.000199
                 299,            0.034348,            0.043949,            0.014837,             0.21946,             0.12562,            0.090878,            0.045752,            0.073758,            0.080342,            0.058401,            0.000166,            0.000166,            0.000166
                 299,            0.034348,            0.043949,            0.014837,             0.22056,             0.12279,            0.090497,            0.046235,            0.074005,            0.080837,            0.058544,            0.000166,            0.000166,            0.000166
